timestamp,1_接收包计数
2025-06-17 08:36:23,286331153
2025-06-17 08:36:28,286331153
2025-06-17 08:36:32,286331153
2025-06-17 08:36:46,286331153
2025-06-17 08:36:48,286331153
2025-06-17 08:36:49,286331153
2025-06-17 08:36:50,286331153
2025-06-17 08:36:51,286331153
2025-06-17 08:36:52,286331153
2025-06-17 08:36:53,286331153
2025-06-17 08:36:54,286331153
2025-06-17 08:36:55,286331153
2025-06-17 08:36:56,286331153
2025-06-17 08:36:57,286331153
2025-06-17 08:36:58,286331153
2025-06-17 08:36:59,286331153
2025-06-17 08:37:00,286331153
2025-06-17 08:37:01,286331153
2025-06-17 08:37:02,286331153
2025-06-17 08:37:47,286331153
2025-06-17 08:37:48,286331153