timestamp,1_有效bit数
2025-06-17 08:36:23,16
2025-06-17 08:36:28,16
2025-06-17 08:36:32,16
2025-06-17 08:36:46,16
2025-06-17 08:36:48,16
2025-06-17 08:36:49,16
2025-06-17 08:36:50,16
2025-06-17 08:36:51,16
2025-06-17 08:36:52,16
2025-06-17 08:36:53,16
2025-06-17 08:36:54,16
2025-06-17 08:36:55,16
2025-06-17 08:36:56,16
2025-06-17 08:36:57,16
2025-06-17 08:36:58,16
2025-06-17 08:36:59,16
2025-06-17 08:37:00,16
2025-06-17 08:37:01,16
2025-06-17 08:37:02,16
2025-06-17 08:37:47,16
2025-06-17 08:37:48,16